pass,detail,repeat,activeRays,totalTicks,queryInclusiveTicks,geometrySearchTicks,candidateShadeTicks,orbitStepTicks,otherTicks,invalidRays,gpuMs
probe,0,0,1843200,6.004063897E11,4.52706460164E11,4.52706460164E11,0.0,0.0,1.47699929536E11,0,10.010112
probe,0,1,1843200,5.99781781995E11,4.52251834907E11,4.52251834907E11,0.0,0.0,1.47529947088E11,0,9.710336
probe,0,2,1843200,6.00117724084E11,4.5244904021E11,4.5244904021E11,0.0,0.0,1.47668683874E11,0,10.152128
probe,1,0,1843200,5.56500141396E11,4.27914852441E11,4.25058552004E11,2.856300437E9,4.0487058443E10,8.8098230512E10,0,11.821472
probe,1,1,1843200,5.56350164099E11,4.2781226935E11,4.24962364534E11,2.849904816E9,4.0421071179E10,8.811682357E10,0,11.626432
probe,1,2,1843200,5.56745140093E11,4.28092541525E11,4.25232258503E11,2.860283022E9,4.0483138237E10,8.8169460331E10,0,11.928032
mask,0,0,0,0.0,0.0,0.0,0.0,0.0,0.0,0,0.01472
mask,0,1,0,0.0,0.0,0.0,0.0,0.0,0.0,0,0.015008
mask,0,2,0,0.0,0.0,0.0,0.0,0.0,0.0,0,0.015136
mask,1,0,0,0.0,0.0,0.0,0.0,0.0,0.0,0,0.014784
mask,1,1,0,0.0,0.0,0.0,0.0,0.0,0.0,0,0.015328
mask,1,2,0,0.0,0.0,0.0,0.0,0.0,0.0,0,0.014944
