"quality","radius","falling","offset_sign","offset_power","mu","gpu_status","gpu_phi","cpu_status","cpu_phi","raw_error"
"FAST","8.0","false","-1","2","-0.9627407","0.0","1.0","0","NaN","NaN"
"FAST","8.0","false","1","2","-0.9427407","1.0","4.876464","1","4.87646583630396","1.9462282763171856E-6"
"FAST","8.0","false","-1","3","-0.9537407","0.0","1.0","0","NaN","NaN"
"FAST","8.0","false","1","3","-0.9517407","1.0","7.0119095","1","7.011915668157749","6.18329446755439E-6"
"FAST","8.0","false","-1","4","-0.9528407","0.0","1.0","0","NaN","NaN"
"FAST","8.0","false","1","4","-0.9526407","1.0","9.290754","1","9.290615984851431","1.3833338587332378E-4"
"FAST","8.0","false","-1","5","-0.9527507","0.0","1.0","0","NaN","NaN"
"FAST","8.0","false","1","5","-0.9527307","1.0","11.592338","1","11.591480650941822","8.569573955803378E-4"
"FAST","8.0","false","-1","6","-0.9527417","0.0","1.0","0","NaN","NaN"
"FAST","8.0","false","1","6","-0.9527397","1.0","13.900714","1","13.906763367596843","0.006049447003581676"
"FAST","8.0","false","-1","7","-0.9527408","0.0","1.0","0","NaN","NaN"
"FAST","8.0","false","1","7","-0.9527406","2.0","1.0","1","16.282925577917865","NaN"
"FAST","1.5","false","-1","2","-0.01","0.0","1.0","0","NaN","NaN"
"FAST","1.5","false","1","2","0.01","1.0","6.318478","1","6.318464735865341","1.3371587051835832E-5"
"FAST","1.5","false","-1","3","-0.001","0.0","1.0","0","NaN","NaN"
"FAST","1.5","false","1","3","0.001","1.0","8.6246805","1","8.624623795104394","5.672399960943153E-5"
"FAST","1.5","false","-1","4","-1.0E-4","0.0","1.0","0","NaN","NaN"
"FAST","1.5","false","1","4","1.0E-4","1.0","10.92804","1","10.9275567862135","4.8276456774942744E-4"
"FAST","1.5","false","-1","5","-1.0E-5","0.0","1.0","0","NaN","NaN"
"FAST","1.5","false","1","5","1.0E-5","1.0","13.196213","1","13.23017653702125","0.03396376846656324"
"FAST","1.5","false","-1","6","-1.0E-6","2.0","1.0","2","NaN","NaN"
"FAST","1.5","false","1","6","1.0E-6","2.0","1.0","1","15.532765072010973","NaN"
"FAST","1.5","false","-1","7","-1.0E-7","2.0","1.0","2","NaN","NaN"
"FAST","1.5","false","1","7","1.0E-7","2.0","1.0","1","17.835350532087748","NaN"
"FAST","1.05","false","-1","2","0.8316977","0.0","1.0","0","NaN","NaN"
"FAST","1.05","false","1","2","0.85169774","1.0","4.7587953","1","4.758786515074782","8.746308274965031E-6"
"FAST","1.05","false","-1","3","0.8406977","0.0","1.0","0","NaN","NaN"
"FAST","1.05","false","1","3","0.84269774","1.0","7.128031","1","7.1279114823509","1.1929462663928803E-4"
"FAST","1.05","false","-1","4","0.84159774","0.0","1.0","0","NaN","NaN"
"FAST","1.05","false","1","4","0.8417977","1.0","9.44035","1","9.438754152687979","0.0015954261694428595"
"FAST","1.05","false","-1","5","0.84168774","0.0","1.0","0","NaN","NaN"
"FAST","1.05","false","1","5","0.8417077","1.0","11.752796","1","11.743405937650166","0.009390235445536632"
"FAST","1.05","false","-1","6","0.84169674","0.0","1.0","0","NaN","NaN"
"FAST","1.05","false","1","6","0.8416987","1.0","14.0891285","1","14.057048715853432","0.03207977840926368"
"FAST","1.05","false","-1","7","0.84169763","0.0","1.0","0","NaN","NaN"
"FAST","1.05","false","1","7","0.8416978","2.0","1.0","1","16.41062589617966","NaN"
"FAST","8.0","true","-1","2","-0.9871472","0.0","1.0","0","NaN","NaN"
"FAST","8.0","true","1","2","-0.96714723","1.0","4.306255","1","4.306255396423116","5.326841021613404E-7"
"FAST","8.0","true","-1","3","-0.9781472","0.0","1.0","0","NaN","NaN"
"FAST","8.0","true","1","3","-0.97614723","1.0","6.322297","1","6.32229973987533","2.643622888598429E-6"
"FAST","8.0","true","-1","4","-0.97724724","0.0","1.0","0","NaN","NaN"
"FAST","8.0","true","1","4","-0.9770472","1.0","8.579483","1","8.579368215126388","1.1481710017413604E-4"
"FAST","8.0","true","-1","5","-0.97715724","0.0","1.0","0","NaN","NaN"
"FAST","8.0","true","1","5","-0.9771372","1.0","10.875153","1","10.874773834917322","3.7875297330280944E-4"
"FAST","8.0","true","-1","6","-0.97714823","0.0","1.0","0","NaN","NaN"
"FAST","8.0","true","1","6","-0.9771462","1.0","13.167107","1","13.163236331536439","0.0038702968815300665"
"FAST","8.0","true","-1","7","-0.97714734","0.0","1.0","0","NaN","NaN"
"FAST","8.0","true","1","7","-0.9771471","1.0","15.328335","1","15.290107722095541","0.0382270862540679"
"FAST","1.0","true","-1","2","-0.7519355","0.0","1.0","0","NaN","NaN"
"FAST","1.0","true","1","2","-0.7319355","1.0","5.2115226","1","5.21151728507785","5.294115265286337E-6"
"FAST","1.0","true","-1","3","-0.7429355","0.0","1.0","0","NaN","NaN"
"FAST","1.0","true","1","3","-0.7409355","1.0","7.5294414","1","7.5293372192478465","1.0413741108905583E-4"
"FAST","1.0","true","-1","4","-0.7420355","0.0","1.0","0","NaN","NaN"
"FAST","1.0","true","1","4","-0.7418355","1.0","9.833041","1","9.834635021211115","0.0015938301100408836"
"FAST","1.0","true","-1","5","-0.7419455","0.0","1.0","0","NaN","NaN"
"FAST","1.0","true","1","5","-0.7419255","1.0","12.150234","1","12.137131110240835","0.013103112171274134"
"FAST","1.0","true","-1","6","-0.7419365","0.0","1.0","0","NaN","NaN"
"FAST","1.0","true","1","6","-0.7419345","1.0","14.496447","1","14.43478638027596","0.061660229221109475"
"FAST","1.0","true","-1","7","-0.7419356","0.0","1.0","0","NaN","NaN"
"FAST","1.0","true","1","7","-0.7419354","1.0","15.973108","1","16.633931580684155","0.6608232890581789"
"FAST","0.7067775","true","-1","2","-0.6811601","0.0","1.0","0","NaN","NaN"
"FAST","0.7067775","true","1","2","-0.6611601","1.0","5.100485","1","5.100471631324824","1.3216697636764252E-5"
"FAST","0.7067775","true","-1","3","-0.6721601","0.0","1.0","0","NaN","NaN"
"FAST","0.7067775","true","1","3","-0.6701601","1.0","7.441093","1","7.440691627469925","4.0134051713547336E-4"
"FAST","0.7067775","true","-1","4","-0.6712601","0.0","1.0","0","NaN","NaN"
"FAST","0.7067775","true","1","4","-0.6710601","1.0","9.756361","1","9.749689704641316","0.006671303049113675"
"FAST","0.7067775","true","-1","5","-0.6711701","0.0","1.0","0","NaN","NaN"
"FAST","0.7067775","true","1","5","-0.6711501","1.0","12.093293","1","12.052194956658713","0.0410982333437282"
"FAST","0.7067775","true","-1","6","-0.6711611","0.0","1.0","0","NaN","NaN"
"FAST","0.7067775","true","1","6","-0.6711591","1.0","14.625768","1","14.34486918456855","0.28089852325615716"
"FAST","0.7067775","true","-1","7","-0.6711602","0.0","1.0","0","NaN","NaN"
"FAST","0.7067775","true","1","7","-0.67116","2.0","1.0","1","16.500129602964858","NaN"
"FAST","0.35","true","-1","2","-0.5337132","0.0","1.0","0","NaN","NaN"
"FAST","0.35","true","1","2","-0.51371324","1.0","4.6450653","1","4.644648215844274","4.170917729133805E-4"
"FAST","0.35","true","-1","3","-0.5247132","0.0","1.0","0","NaN","NaN"
"FAST","0.35","true","1","3","-0.52271324","1.0","7.045186","1","7.040260693478565","0.00492534930707933"
"FAST","0.35","true","-1","4","-0.52381325","0.0","1.0","0","NaN","NaN"
"FAST","0.35","true","1","4","-0.5236133","1.0","9.404293","1","9.361129236000972","0.04316382430176269"
"FAST","0.35","true","-1","5","-0.52372324","0.0","1.0","0","NaN","NaN"
"FAST","0.35","true","1","5","-0.5237032","1.0","12.431774","1","11.663120881650359","0.7686532577539378"
"FAST","0.35","true","-1","6","-0.52371424","0.0","1.0","0","NaN","NaN"
"FAST","0.35","true","1","6","-0.5237122","2.0","1.0","1","13.940251515531822","NaN"
"FAST","0.35","true","-1","7","-0.52371335","0.0","1.0","0","NaN","NaN"
"FAST","0.35","true","1","7","-0.5237132","2.0","1.0","1","16.552907694865","NaN"
"STANDARD","8.0","false","-1","2","-0.9627407","0.0","1.0","0","NaN","NaN"
"STANDARD","8.0","false","1","2","-0.9427407","1.0","4.8764634","1","4.87646583630396","2.4230654345203106E-6"
"STANDARD","8.0","false","-1","3","-0.9537407","0.0","1.0","0","NaN","NaN"
"STANDARD","8.0","false","1","3","-0.9517407","1.0","7.011936","1","7.011915668157749","2.051958639182061E-5"
"STANDARD","8.0","false","-1","4","-0.9528407","0.0","1.0","0","NaN","NaN"
"STANDARD","8.0","false","1","4","-0.9526407","1.0","9.290505","1","9.290615984851431","1.1057561070870747E-4"
"STANDARD","8.0","false","-1","5","-0.9527507","0.0","1.0","0","NaN","NaN"
"STANDARD","8.0","false","1","5","-0.9527307","1.0","11.590739","1","11.591480650941822","7.414007587165372E-4"
"STANDARD","8.0","false","-1","6","-0.9527417","0.0","1.0","0","NaN","NaN"
"STANDARD","8.0","false","1","6","-0.9527397","1.0","13.918227","1","13.906763367596843","0.011463828142902699"
"STANDARD","8.0","false","-1","7","-0.9527408","0.0","1.0","0","NaN","NaN"
"STANDARD","8.0","false","1","7","-0.9527406","2.0","1.0","1","16.282925577917865","NaN"
"STANDARD","1.5","false","-1","2","-0.01","0.0","1.0","0","NaN","NaN"
"STANDARD","1.5","false","1","2","0.01","1.0","6.3184643","1","6.318464735865341","4.566905360547935E-7"
"STANDARD","1.5","false","-1","3","-0.001","0.0","1.0","0","NaN","NaN"
"STANDARD","1.5","false","1","3","0.001","1.0","8.624839","1","8.624623795104394","2.1503393613286903E-4"
"STANDARD","1.5","false","-1","4","-1.0E-4","0.0","1.0","0","NaN","NaN"
"STANDARD","1.5","false","1","4","1.0E-4","1.0","10.928756","1","10.9275567862135","0.0011989739793705212"
"STANDARD","1.5","false","-1","5","-1.0E-5","0.0","1.0","0","NaN","NaN"
"STANDARD","1.5","false","1","5","1.0E-5","1.0","13.326796","1","13.23017653702125","0.09661904098167895"
"STANDARD","1.5","false","-1","6","-1.0E-6","2.0","1.0","2","NaN","NaN"
"STANDARD","1.5","false","1","6","1.0E-6","2.0","1.0","1","15.532765072010973","NaN"
"STANDARD","1.5","false","-1","7","-1.0E-7","2.0","1.0","2","NaN","NaN"
"STANDARD","1.5","false","1","7","1.0E-7","2.0","1.0","1","17.835350532087748","NaN"
"STANDARD","1.05","false","-1","2","0.8316977","0.0","1.0","0","NaN","NaN"
"STANDARD","1.05","false","1","2","0.85169774","1.0","4.758791","1","4.758786515074782","4.454773851136906E-6"
"STANDARD","1.05","false","-1","3","0.8406977","0.0","1.0","0","NaN","NaN"
"STANDARD","1.05","false","1","3","0.84269774","1.0","7.127943","1","7.1279114823509","3.1556589529913026E-5"
"STANDARD","1.05","false","-1","4","0.84159774","0.0","1.0","0","NaN","NaN"
"STANDARD","1.05","false","1","4","0.8417977","1.0","9.440252","1","9.438754152687979","0.001498151389169422"
"STANDARD","1.05","false","-1","5","0.84168774","0.0","1.0","0","NaN","NaN"
"STANDARD","1.05","false","1","5","0.8417077","1.0","11.740769","1","11.743405937650166","0.0026365513586625866"
"STANDARD","1.05","false","-1","6","0.84169674","0.0","1.0","0","NaN","NaN"
"STANDARD","1.05","false","1","6","0.8416987","1.0","14.0735855","1","14.057048715853432","0.01653679440047462"
"STANDARD","1.05","false","-1","7","0.84169763","0.0","1.0","0","NaN","NaN"
"STANDARD","1.05","false","1","7","0.8416978","2.0","1.0","1","16.41062589617966","NaN"
"STANDARD","8.0","true","-1","2","-0.9871472","0.0","1.0","0","NaN","NaN"
"STANDARD","8.0","true","1","2","-0.96714723","1.0","4.306256","1","4.306255396423116","4.2099021424490957E-7"
"STANDARD","8.0","true","-1","3","-0.9781472","0.0","1.0","0","NaN","NaN"
"STANDARD","8.0","true","1","3","-0.97614723","1.0","6.322301","1","6.32229973987533","1.1710743770265708E-6"
"STANDARD","8.0","true","-1","4","-0.97724724","0.0","1.0","0","NaN","NaN"
"STANDARD","8.0","true","1","4","-0.9770472","1.0","8.579503","1","8.579368215126388","1.348442608186673E-4"
"STANDARD","8.0","true","-1","5","-0.97715724","0.0","1.0","0","NaN","NaN"
"STANDARD","8.0","true","1","5","-0.9771372","1.0","10.875271","1","10.874773834917322","4.970085885371844E-4"
"STANDARD","8.0","true","-1","6","-0.97714823","0.0","1.0","0","NaN","NaN"
"STANDARD","8.0","true","1","6","-0.9771462","1.0","13.173395","1","13.163236331536439","0.010158825323912879"
"STANDARD","8.0","true","-1","7","-0.97714734","0.0","1.0","0","NaN","NaN"
"STANDARD","8.0","true","1","7","-0.9771471","1.0","15.2499","1","15.290107722095541","0.04020785789876413"
"STANDARD","1.0","true","-1","2","-0.7519355","0.0","1.0","0","NaN","NaN"
"STANDARD","1.0","true","1","2","-0.7319355","1.0","5.2115226","1","5.21151728507785","5.294115265286337E-6"
"STANDARD","1.0","true","-1","3","-0.7429355","0.0","1.0","0","NaN","NaN"
"STANDARD","1.0","true","1","3","-0.7409355","1.0","7.529179","1","7.5293372192478465","1.5812302592266292E-4"
"STANDARD","1.0","true","-1","4","-0.7420355","0.0","1.0","0","NaN","NaN"
"STANDARD","1.0","true","1","4","-0.7418355","1.0","9.833093","1","9.834635021211115","0.001542331696954946"
"STANDARD","1.0","true","-1","5","-0.7419455","0.0","1.0","0","NaN","NaN"
"STANDARD","1.0","true","1","5","-0.7419255","1.0","12.14038","1","12.137131110240835","0.0032487954598483526"
"STANDARD","1.0","true","-1","6","-0.7419365","0.0","1.0","0","NaN","NaN"
"STANDARD","1.0","true","1","6","-0.7419345","1.0","14.343447","1","14.43478638027596","0.09133964870857803"
"STANDARD","1.0","true","-1","7","-0.7419356","0.0","1.0","0","NaN","NaN"
"STANDARD","1.0","true","1","7","-0.7419354","2.0","1.0","1","16.633931580684155","NaN"
"STANDARD","0.7067775","true","-1","2","-0.6811601","0.0","1.0","0","NaN","NaN"
"STANDARD","0.7067775","true","1","2","-0.6611601","1.0","5.1004996","1","5.100471631324824","2.7998649541061127E-5"
"STANDARD","0.7067775","true","-1","3","-0.6721601","0.0","1.0","0","NaN","NaN"
"STANDARD","0.7067775","true","1","3","-0.6701601","1.0","7.4407735","1","7.440691627469925","8.185962113937961E-5"
"STANDARD","0.7067775","true","-1","4","-0.6712601","0.0","1.0","0","NaN","NaN"
"STANDARD","0.7067775","true","1","4","-0.6710601","1.0","9.752238","1","9.749689704641316","0.002548568979289456"
"STANDARD","0.7067775","true","-1","5","-0.6711701","0.0","1.0","0","NaN","NaN"
"STANDARD","0.7067775","true","1","5","-0.6711501","1.0","12.098987","1","12.052194956658713","0.04679166901267351"
"STANDARD","0.7067775","true","-1","6","-0.6711611","0.0","1.0","0","NaN","NaN"
"STANDARD","0.7067775","true","1","6","-0.6711591","1.0","14.936758","1","14.34486918456855","0.5918888568132861"
"STANDARD","0.7067775","true","-1","7","-0.6711602","0.0","1.0","0","NaN","NaN"
"STANDARD","0.7067775","true","1","7","-0.67116","1.0","15.467768","1","16.500129602964858","1.0323618875107563"
"STANDARD","0.35","true","-1","2","-0.5337132","0.0","1.0","0","NaN","NaN"
"STANDARD","0.35","true","1","2","-0.51371324","1.0","4.6447372","1","4.644648215844274","8.902780806963051E-5"
"STANDARD","0.35","true","-1","3","-0.5247132","0.0","1.0","0","NaN","NaN"
"STANDARD","0.35","true","1","3","-0.52271324","1.0","7.0414147","1","7.040260693478565","0.001154044222850814"
"STANDARD","0.35","true","-1","4","-0.52381325","0.0","1.0","0","NaN","NaN"
"STANDARD","0.35","true","1","4","-0.5236133","1.0","9.37327","1","9.361129236000972","0.012140798789067375"
"STANDARD","0.35","true","-1","5","-0.52372324","0.0","1.0","0","NaN","NaN"
"STANDARD","0.35","true","1","5","-0.5237032","1.0","11.933913","1","11.663120881650359","0.270792349245637"
"STANDARD","0.35","true","-1","6","-0.52371424","0.0","1.0","0","NaN","NaN"
"STANDARD","0.35","true","1","6","-0.5237122","1.0","14.611476","1","13.940251515531822","0.6712244289872213"
"STANDARD","0.35","true","-1","7","-0.52371335","0.0","1.0","0","NaN","NaN"
"STANDARD","0.35","true","1","7","-0.5237132","2.0","1.0","1","16.552907694865","NaN"
"FINE","8.0","false","-1","2","-0.9627407","0.0","1.0","0","NaN","NaN"
"FINE","8.0","false","1","2","-0.9427407","1.0","4.876457","1","4.87646583630396","8.621948491160936E-6"
"FINE","8.0","false","-1","3","-0.9537407","0.0","1.0","0","NaN","NaN"
"FINE","8.0","false","1","3","-0.9517407","1.0","7.011916","1","7.011915668157749","4.924257472893601E-7"
"FINE","8.0","false","-1","4","-0.9528407","0.0","1.0","0","NaN","NaN"
"FINE","8.0","false","1","4","-0.9526407","1.0","9.290437","1","9.290615984851431","1.7924016148995747E-4"
"FINE","8.0","false","-1","5","-0.9527507","0.0","1.0","0","NaN","NaN"
"FINE","8.0","false","1","5","-0.9527307","1.0","11.590389","1","11.591480650941822","0.001091399232837631"
"FINE","8.0","false","-1","6","-0.9527417","0.0","1.0","0","NaN","NaN"
"FINE","8.0","false","1","6","-0.9527397","1.0","13.929151","1","13.906763367596843","0.022387213763019886"
"FINE","8.0","false","-1","7","-0.9527408","0.0","1.0","0","NaN","NaN"
"FINE","8.0","false","1","7","-0.9527406","2.0","1.0","1","16.282925577917865","NaN"
"FINE","1.5","false","-1","2","-0.01","0.0","1.0","0","NaN","NaN"
"FINE","1.5","false","1","2","0.01","1.0","6.3184066","1","6.318464735865341","5.815398667863292E-5"
"FINE","1.5","false","-1","3","-0.001","0.0","1.0","0","NaN","NaN"
"FINE","1.5","false","1","3","0.001","1.0","8.624386","1","8.624623795104394","2.3796136416009972E-4"
"FINE","1.5","false","-1","4","-1.0E-4","0.0","1.0","0","NaN","NaN"
"FINE","1.5","false","1","4","1.0E-4","1.0","10.927438","1","10.9275567862135","1.1900392590291631E-4"
"FINE","1.5","false","-1","5","-1.0E-5","0.0","1.0","0","NaN","NaN"
"FINE","1.5","false","1","5","1.0E-5","1.0","13.049584","1","13.23017653702125","0.18059214828834058"
"FINE","1.5","false","-1","6","-1.0E-6","2.0","1.0","2","NaN","NaN"
"FINE","1.5","false","1","6","1.0E-6","2.0","1.0","1","15.532765072010973","NaN"
"FINE","1.5","false","-1","7","-1.0E-7","2.0","1.0","2","NaN","NaN"
"FINE","1.5","false","1","7","1.0E-7","2.0","1.0","1","17.835350532087748","NaN"
"FINE","1.05","false","-1","2","0.8316977","0.0","1.0","0","NaN","NaN"
"FINE","1.05","false","1","2","0.85169774","1.0","4.758793","1","4.758786515074782","6.362122483949406E-6"
"FINE","1.05","false","-1","3","0.8406977","0.0","1.0","0","NaN","NaN"
"FINE","1.05","false","1","3","0.84269774","1.0","7.1279025","1","7.1279114823509","8.974568917352599E-6"
"FINE","1.05","false","-1","4","0.84159774","0.0","1.0","0","NaN","NaN"
"FINE","1.05","false","1","4","0.8417977","1.0","9.440796","1","9.438754152687979","0.0020417457495209845"
"FINE","1.05","false","-1","5","0.84168774","0.0","1.0","0","NaN","NaN"
"FINE","1.05","false","1","5","0.8417077","1.0","11.753402","1","11.743405937650166","0.009995818636454601"
"FINE","1.05","false","-1","6","0.84169674","0.0","1.0","0","NaN","NaN"
"FINE","1.05","false","1","6","0.8416987","1.0","13.932438","1","14.057048715853432","0.124610819124916"
"FINE","1.05","false","-1","7","0.84169763","0.0","1.0","0","NaN","NaN"
"FINE","1.05","false","1","7","0.8416978","2.0","1.0","1","16.41062589617966","NaN"
"FINE","8.0","true","-1","2","-0.9871472","0.0","1.0","0","NaN","NaN"
"FINE","8.0","true","1","2","-0.96714723","1.0","4.3062553","1","4.306255396423116","5.5846943958215434E-8"
"FINE","8.0","true","-1","3","-0.9781472","0.0","1.0","0","NaN","NaN"
"FINE","8.0","true","1","3","-0.97614723","1.0","6.3223033","1","6.32229973987533","3.555260168042196E-6"
"FINE","8.0","true","-1","4","-0.97724724","0.0","1.0","0","NaN","NaN"
"FINE","8.0","true","1","4","-0.9770472","1.0","8.579208","1","8.579368215126388","1.5984110295086396E-4"
"FINE","8.0","true","-1","5","-0.97715724","0.0","1.0","0","NaN","NaN"
"FINE","8.0","true","1","5","-0.9771372","1.0","10.876231","1","10.874773834917322","0.0014573586251582782"
"FINE","8.0","true","-1","6","-0.97714823","0.0","1.0","0","NaN","NaN"
"FINE","8.0","true","1","6","-0.9771462","1.0","13.1603775","1","13.163236331536439","0.0028588290950324335"
"FINE","8.0","true","-1","7","-0.97714734","0.0","1.0","0","NaN","NaN"
"FINE","8.0","true","1","7","-0.9771471","1.0","15.398248","1","15.290107722095541","0.10813999671549368"
"FINE","1.0","true","-1","2","-0.7519355","0.0","1.0","0","NaN","NaN"
"FINE","1.0","true","1","2","-0.7319355","1.0","5.2115088","1","5.21151728507785","8.534162322604288E-6"
"FINE","1.0","true","-1","3","-0.7429355","0.0","1.0","0","NaN","NaN"
"FINE","1.0","true","1","3","-0.7409355","1.0","7.5290003","1","7.5293372192478465","3.369369602488348E-4"
"FINE","1.0","true","-1","4","-0.7420355","0.0","1.0","0","NaN","NaN"
"FINE","1.0","true","1","4","-0.7418355","1.0","9.831865","1","9.834635021211115","0.00276971054216979"
"FINE","1.0","true","-1","5","-0.7419455","0.0","1.0","0","NaN","NaN"
"FINE","1.0","true","1","5","-0.7419255","1.0","12.132089","1","12.137131110240835","0.005042449046987585"
"FINE","1.0","true","-1","6","-0.7419365","0.0","1.0","0","NaN","NaN"
"FINE","1.0","true","1","6","-0.7419345","1.0","14.413558","1","14.43478638027596","0.021228373989339744"
"FINE","1.0","true","-1","7","-0.7419356","0.0","1.0","0","NaN","NaN"
"FINE","1.0","true","1","7","-0.7419354","2.0","1.0","1","16.633931580684155","NaN"
"FINE","0.7067775","true","-1","2","-0.6811601","0.0","1.0","0","NaN","NaN"
"FINE","0.7067775","true","1","2","-0.6611601","1.0","5.1004863","1","5.100471631324824","1.4647209111373627E-5"
"FINE","0.7067775","true","-1","3","-0.6721601","0.0","1.0","0","NaN","NaN"
"FINE","0.7067775","true","1","3","-0.6701601","1.0","7.4416304","1","7.440691627469925","9.387359944303952E-4"
"FINE","0.7067775","true","-1","4","-0.6712601","0.0","1.0","0","NaN","NaN"
"FINE","0.7067775","true","1","4","-0.6710601","1.0","9.754997","1","9.749689704641316","0.005307548776652737"
"FINE","0.7067775","true","-1","5","-0.6711701","0.0","1.0","0","NaN","NaN"
"FINE","0.7067775","true","1","5","-0.6711501","1.0","12.131613","1","12.052194956658713","0.07941782105124773"
"FINE","0.7067775","true","-1","6","-0.6711611","0.0","1.0","0","NaN","NaN"
"FINE","0.7067775","true","1","6","-0.6711591","1.0","14.2244215","1","14.34486918456855","0.1204476834088819"
"FINE","0.7067775","true","-1","7","-0.6711602","0.0","1.0","0","NaN","NaN"
"FINE","0.7067775","true","1","7","-0.67116","1.0","15.296641","1","16.500129602964858","1.2034882531723774"
"FINE","0.35","true","-1","2","-0.5337132","0.0","1.0","0","NaN","NaN"
"FINE","0.35","true","1","2","-0.51371324","1.0","4.6446514","1","4.644648215844274","3.1971195930680096E-6"
"FINE","0.35","true","-1","3","-0.5247132","0.0","1.0","0","NaN","NaN"
"FINE","0.35","true","1","3","-0.52271324","1.0","7.039832","1","7.040260693478565","4.285783052253578E-4"
"FINE","0.35","true","-1","4","-0.52381325","0.0","1.0","0","NaN","NaN"
"FINE","0.35","true","1","4","-0.5236133","1.0","9.366961","1","9.361129236000972","0.005831289511723625"
"FINE","0.35","true","-1","5","-0.52372324","0.0","1.0","0","NaN","NaN"
"FINE","0.35","true","1","5","-0.5237032","1.0","11.647041","1","11.663120881650359","0.016079560849577845"
"FINE","0.35","true","-1","6","-0.52371424","0.0","1.0","0","NaN","NaN"
"FINE","0.35","true","1","6","-0.5237122","2.0","1.0","1","13.940251515531822","NaN"
"FINE","0.35","true","-1","7","-0.52371335","0.0","1.0","0","NaN","NaN"
"FINE","0.35","true","1","7","-0.5237132","2.0","1.0","1","16.552907694865","NaN"
